Performance Hours,Crowd Size (avg),tricks_per_hour,weekend,weather_score,costume_quality,interaction_level,location_type,daily_tips
6.0,37,4,0,6.0,7,7,market,220.21
7.0,56,11,0,2.0,7,3,tourist_spot,205.05
3.0,41,6,1,3.0,7,9,tourist_spot,217.65
5.0,22,17,0,6.0,3,7,park,173.2
1.0,48,11,0,3.0,7,7,subway,166.02
7.0,29,7,0,10.0,5,3,park,173.3
7.0,46,14,0,10.0,7,8,subway,238.77
1.0,42,17,1,8.0,3,3,subway,180.23
3.0,26,3,1,5.0,5,7,subway,196.52
4.0,50,5,1,9.0,8,4,subway,190.74
8.0,32,11,0,4.0,10,2,market,188.88
6.0,27,13,0,9.0,10,4,market,193.51
8.0,34,10,0,9.0,4,6,market,204.43
5.0,50,6,1,3.0,6,4,subway,186.54
2.0,16,5,0,6.0,10,2,market,129.27
3.0,38,17,0,9.0,6,5,market,195.3
1.0,22,4,0,6.0,6,9,park,140.03
6.0,46,5,1,10.0,4,2,tourist spot,211.57
1.0,57,16,0,9.0,6,3,tourist_spot,169.5
3.0,40,16,0,8.0,10,8,market,214.59
5.0,30,15,0,10.0,10,-3,market,246.87
3.0,8,14,1,6.0,3,8,park,196.7
4.0,77,15,1,10.0,4,6,tourist_spot,233.87
4.0,25,7,1,5.0,5,8,market,190.58
8.0,36,8,1,9.0,5,8,subway,252.36
1.0,17,7,0,4.0,7,7,park,106.76
1.0,46,12,0,2.0,4,2,tourist_spot,117.06
5.0,54,3,1,9.0,10,3,subway,208.74
4.0,38,7,0,5.0,4,8,market,178.63
5.0,51,13,0,3.0,10,10,tourist_spot,232.53
5.0,60,8,1,5.0,7,8,,246.88
,46,14,0,7.0,3,5,subway,192.98
4.0,32,15,0,8.0,7,2,market,172.25
5.0,25,17,0,2.0,5,7,SUBWAY,183.4
1.0,31,4,0,7.0,10,10,SUBWAY,149.36
8.0,53,17,1,2.0,7,5,subway,220.42
8.0,48,9,0,3.0,5,3,tourist_spot,199.88
4.0,67,17,0,6.0,3,9,tourist_spot,221.83
6.0,89,5,1,2.0,9,10,tourist_spot,265.69
2.0,28,9,1,,3,3,subway,145.11
4.0,15,16,0,10.0,5,8,market,206.12
8.0,46,10,0,5.0,8,2,tourist_spot,223.81
7.0,46,12,1,3.0,10,9,subway,232.69
3.0,64,7,0,4.0,5,8,tourist_spot,194.3
2.0,28,13,0,4.0,8,10,park,181.14
5.0,42,12,0,4.0,5,3,subway,149.88
7.0,35,17,0,2.0,9,4,tourist_spot,224.13
1.0,12,10,0,8.0,7,4,park,105.64
3.0,29,16,1,9.0,10,10,park,232.56
7.0,35,17,0,2.0,9,4,tourist_spot,224.13
7.0,31,16,0,6.0,4,3,park,185.27
5.0,27,16,1,7.0,4,3,park,167.73
2.0,35,9,0,6.0,7,2,tourist_spot,159.27
8.0,11,7,0,8.0,8,10,park,200.09
7.0,53,3,0,10.0,10,3,subway,199.06
1.0,37,15,0,8.0,5,10,market,184.53
1.0,53,17,0,7.0,10,3,subway,148.51
1.0,33,13,1,5.0,5,9,park,193.77
8.0,19,15,0,8.0,10,4,market,239.48
4.0,46,7,1,3.0,3,6,tourist_spot,200.66
7.0,40,6,0,9.0,9,10,MARKET,246.81
1.0,21,5,1,6.0,6,6,park,159.87
1.0,28,3,1,6.0,3,2,subway,
8.0,39,5,1,7.0,10,9,market,270.65
8.0,58,13,1,3.0,9,9,tourist_spot,319.0
3.0,50,11,1,10.0,8,2,subway,197.73
6.0,16,8,1,6.0,4,6,market,201.32
5.0,37,15,1,5.0,6,4,subway,191.27
2.0,18,5,1,9.0,6,9,market,212.51
2.0,22,10,0,2.0,6,4,market,128.57
7.0,24,15,0,2.0,5,2,market,161.2
7.0,86,3,0,0.0,5,4,tourist_spot,220.07
6.0,37,17,1,4.0,3,2,subway,207.47
2.0,19,12,0,5.0,9,6,park,150.79
1.0,43,9,0,10.0,6,7,subway,143.21
5.0,21,12,0,10.0,6,8,park,173.37
1.0,53,16,0,10.0,8,6,subway,181.75
1.0,20,17,1,2.0,10,10,market,217.36
8.0,10,14,0,3.0,7,5,park,180.71
6.0,41,11,1,3.0,5,5,tourist_spot,244.91
1.0,26,17,0,10.0,9,8,park,167.87
2.0,59,16,0,8.0,7,3, tourist_spot  ,
1.0,28,8,0,4.0,4,6,park,122.47
5.0,30,12,0,8.0,4,7,market,198.28
3.0,49,3,1,6.0,5,4,subway,181.22
5.0,41,7,0,9.0,4,6,subway,193.49
6.0,27,6,1,3.0,4,2,subway,157.19
5.0,30,10,0,8.0,10,4,park,185.7
,45,12,1,10.0,4,4,subway,175.42
2.0,40,10,0,7.0,3,6,market,154.48
1.0,42,15,0,2.0,5,8,subway,128.74
1.0,74,17,0,8.0,5,5,tourist_spot,185.38
7.0,23,17,0,4.0,10,2,park,192.0
3.0,38,4,1,8.0,7,7,tourist_spot,205.12
2.0,44,12,0,9.0,6,6,subway,151.16
1.0,39,8,0,6.0,4,5,subway,134.96
6,38,10,0,3.0,15,6,tourist_spot,178.52
3.0,8,7,1,9.0,6,9,park,202.06
3.0,15,7,1,3.0,10,9,,221.0
4.0,24,4,0,6.0,10,7,market,167.58
1.0,43,11,0,7.0,6,9,subway,165.02
5.0,36,12,0,2.0,9,6,subway,182.03
5.0,30,6,0,10.0,8,2,park,162.69
2.0,43,3,0,7.0,3,3,subway,118.43
6.0,15,8,1,2.0,4,5,market,184.91
8.0,31,3,0,10.0,8,6,park,195.34
4.0,60,17,0,10.0,6,3,tourist_spot,228.87
8.0,50,4,1,3.0,8,7,subway,225.54
1.0,68,16,0,8.0,6,6,tourist_spot,175.55
2.0,42,8,0,8.0,4,10,market,169.1
3.0,38,5,1,6.0,5,4,subway,163.19
5.0,250,14,0,4.0,4,2,subway,156.82
7.0,23,10,1,7.0,7,9,park,246.75
7.0,66,11,0,3.0,6,8,tourist_spot,233.34
2.0,29,5,1,9.0,10,8,subway,201.25
7.0,45,3,1,3.0,5,2,subway,208.21
5.0,33,14,1,5.0,3,10,park,209.66
8.0,28,14,1,2.0,5,9,park,223.41
1.0,32,8,0,5.0,5,9,market,148.66
4.0,63,15,0,5.0,7,8,tourist_spot,205.0
5.0,31,15,0,7.0,7,7,park,189.03
3.0,39,4,2,8.0,9,3,tourist_spot,168.86
3.0,33,5,1,6.0,6,5,market,175.92
6.0,15,4,1,9.0,7,9,market,246.78
4.0,47,16,1,3.0,4,10,subway,207.76
4.0,71,16,1,3.0,9,10,tourist_spot,276.77
8.0,27,6,1,4.0,10,3,subway,205.8
2.0,70,16,0,2.0,7,7,tourist_spot,181.03
14.0,33,7,1,10.0,7,8,park,209.56
4.0,19,11,0,3.0,4,7,market,162.18
5.0,43,3,1,5.0,3,8,tourist_spot,249.75
5.0,52,12,0,10.0,4,3,subway,177.33
3.0,61,17,1,6.0,3,10,tourist_spot,235.06
4.0,24,12,0,2.0,4,5,park,125.6
5.0,67,13,0,3.0,3,3,tourist_spot,170.67
6.0,76,3,0,2.0,7,8,tourist_spot,203.27
5.0,37,4,0,10.0,10,2,market,179.09
5.0,49,8,0,9.0,8,7,subway,230.5
6.0,33,7,0,2.0,7,6,park,170.95
5.0,80,17,0,10.0,8,2,tourist_spot,231.04
1,30,12,1,2.0,9,9,market,202.14
1.0,37,5,0,4.0,3,4,tourist_spot,119.4
6.0,50,12,1,10.0,7,5,subway,850.0
1.0,18,11,0,7.0,4,2,park,88.57
2.0,24,11,1,,3,9,park,175.3
8.0,14,11,1,2.0,9,3,park,202.72
7.0,32,3,0,10.0,6,10,market,227.27
,83,11,0,3.0,6,3,tourist_spot,159.36
3.0,44,7,0,2.0,6,5,market,139.02
1.0,25,7,0,2.0,8,2,market,127.2
1.0,29,4,0,7.0,6,5,subway,138.78
7.0,36,9,0,6.0,3,3,market,175.27
4.0,60,5,0,7.0,5,6,tourist_spot,206.86
5.0,29,11,0,4.0,10,2,subway,142.12
8.0,76,7,1,9.0,4,7,tourist_spot,281.81
4.0,82,12,0,4.0,5,6,tourist_spot,-15.0
1.0,42,13,0,7.0,6,2,market,116.75
4.0,27,13,0,9.0,6,2,market,152.52
6.0,36,12,1,4.0,8,7, subway  ,221.99
2.0,39,9,0,4.0,3,7,subway,148.74
8.0,32,9,0,6.0,6,2,market,185.46
5.0,47,11,0,4.0,10,5,tourist_spot,219.32
4.0,40,17,0,6.0,8,6,subway,205.46
6.0,33,6,0,,8,7,market,191.05
5.0,29,8,0,7.0,10,2,market,158.54
8.0,27,4,0,5.0,4,4,park,170.86
3.0,44,10,1,3.0,10,7,subway,217.86
4.0,23,3,1,4.0,7,4,market,158.16
2.0,17,16,0,8.0,7,7,market,193.7
6.0,73,5,1,2.0,7,3,tourist_spot,225.55
3.0,9,7,0,3.0,10,7,park,128.82
5.0,29,16,0,6.0,3,3,subway,151.71
2.0,19,14,0,4.0,8,5,park,145.9
4.0,20,3,0,7.0,4,10,park,129.77
4.0,25,8,0,9.0,9,3,market,159.17
4.0,22,13,0,2.0,5,2,market,118.05
5.0,50,7,0,8.0,6,6,tourist_spot,210.3
4.0,44,10,0,3.0,8,6,market,173.03
7,19,8,1,5.0,3,4,market,196.28
7.0,89,13,1,7.0,4,5,tourist_spot,277.94
5.0,42,9,1,8.0,9,5,market,260.05
3.0,17,14,1,10.0,5,3,park,189.59
7.0,27,9,0,9.0,3,6,market,198.64
6.0,55,12,0,8.0,4,6,tourist_spot,233.87
7.0,37,13,0,5.0,5,9,market,238.63
3.0,40,16,0,8.0,9,5,subway,184.54
5.0,15,4,1,6.0,7,7,market,216.9
4.0,25,7,1,5.0,5,8,market,190.58
3.0,33,14,0,3.0,10,8,park,186.8
1.0,52,7,1,4.0,7,10,subway,192.4
6.0,24,15,1,8.0,4,5,park,202.28
3.0,29,16,1,9.0,10,10,park,232.56
7.0,36,13,1,7.0,5,5,tourist_spot,253.74
5.0,32,14,1,8.0,7,10,subway,243.81
5.0,19,9,0,8.0,4,5,market,160.9
7.0,31,15,1,2.0,3,8,park,2.5
1.0,27,9,0,9.0,8,9,subway,
8.0,40,6,0,4.0,4,8, subway  ,202.64
7.0,51,14,0,3.0,9,4,tourist_spot,223.39
7.0,24,15,0,4.0,5,9,park,203.75
6.0,68,5,0,7.0,5,7,tourist_spot,208.36
5.0,17,12,0,9.0,10,3,park,158.28
4.0,63,5,0,8.0,8,9,tourist_spot,223.91
2.0,13,4,0,9.0,5,4,park,117.17
4.0,23,10,0,10.0,9,4,park,148.69
1.0,34,4,0,5.0,6,6,subway,122.69
6.0,36,11,0,3.0,7,9,market,208.67
1.0,15,9,1,2.0,10,3,park,118.92
7.0,45,15,0,4.0,8,9,subway,235.42
2.0,52,6,0,6.0,9,10,subway,188.21
2.0,43,3,0,6.0,6,8,market,163.8
2.0,21,8,0,3.0,9,7,market,150.09
4.0,25,5,0,9.0,5,5,subway,134.83
7.0,81,4,0,4.0,9,5,tourist_spot,236.03
4.0,16,7,1,8.0,9,9,park,237.55
4.0,89,3,1,2.0,7,7,tourist_spot,222.57
7.0,37,3,0,3.0,10,5,tourist_spot,202.17
4,9,8,1,5.0,5,7,park,188.82
4.0,32,16,0,8.0,7,10,park,179.99
,87,5,1,2.0,6,3,tourist_spot,228.17
5.0,47,3,1,10.0,9,10,SUBWAY,240.85
2.0,33,10,0,4.0,3,3,market,120.03
5.0,46,4,0,2.0,10,5,subway,180.92
6.0,38,3,1,8.0,3,10,subway,235.58
2.0,36,17,0,6.0,7,10,market,186.65
5.0,69,13,1,9.0,5,8,tourist_spot,279.09
4.0,44,12,0,6.0,8,10,tourist_spot,255.79
7.0,42,13,1,5.0,4,9,tourist_spot,250.08
2.0,44,17,1,10.0,3,2,market,196.71
8.0,39,8,0,7.0,9,7,market,223.76
3.0,44,10,1,3.0,10,7,subway,217.86
6.0,27,5,0,4.0,5,3,park,154.94
8.0,50,4,0,5.0,9,9,subway,235.09
4.0,70,3,0,8.0,7,4,tourist_spot,178.22
3.0,22,17,0,5.0,9,4,market,176.53
5.0,31,8,0,3.0,3,8,subway,170.63
1.0,10,8,0,9.0,9,7,park,163.78
2.0,70,9,0,6.0,8,9,tourist_spot,218.06
8.0,69,6,0,5.0,6,9,tourist_spot,253.21
7.0,43,12,0,6.0,5,3,subway,200.72
3.0,36,10,1,10.0,6,8,subway,223.25
1.0,26,4,0,6.0,7,6,MARKET,131.68
4.0,34,17,1,7.0,5,7,subway,209.42
7.0,29,7,0,10.0,5,3,park,173.3
4.0,15,14,0,5.0,10,5,park,181.78
5.0,30,12,0,8.0,4,7,market,198.28
6.0,26,9,0,6.0,5,5,subway,150.82
5.0,75,17,0,4.0,8,8,tourist spot,253.4
5.0,39,8,1,8.0,5,10, tourist_spot  ,227.4
7.0,85,5,0,7.0,5,6,tourist_spot,244.13
4.0,71,15,1,10.0,6,9,tourist spot,259.47
3.0,29,13,1,2.0,6,2,park,152.65
8.0,41,3,0,10.0,4,6, market  ,210.99
2.0,37,4,0,7.0,7,10,subway,170.63
2.0,50,6,0,4.0,3,2,subway,105.95
5.0,33,16,1,6.0,10,3,park,205.3
